{"sane": true, "normalizes": true, "range": true, "log_prob": -1172.3012420386076, "avg_log_prob": -2.3446024840772153, "perplexity": 10.429126159730927}